{
  "Name": "Carbonator Demo",
  "Version": "2.2.0",
  "Factory Info": {
    "Vendor": "Carbinated Audio",
    "URL": "",
    "E-Mail": "",
    "Flags": {
      "Unicode": true,
      "Classes Discardable": false,
      "Component Non Discardable": false,
    },
  },
  "Classes": [
    {
      "CID": "ABCDEF019182FAEB4D786273536F6444",
      "Category": "Audio Module Class",
      "Name": "Carbonator Demo",
      "Vendor": "Carbinated Audio",
      "Version": "2.2.0",
      "SDKVersion": "VST 3.8.0",
      "Sub Categories": [
        "Fx",
        "Filter",
      ],
      "Class Flags": 0,
      "Cardinality": 2147483647,
      "Snapshots": [
      ],
    },
    {
      "CID": "ABCDEF011234ABCD4D786273536F6444",
      "Category": "Component Controller Class",
      "Name": "Carbonator Demo",
      "Vendor": "Carbinated Audio",
      "Version": "2.2.0",
      "SDKVersion": "VST 3.8.0",
      "Sub Categories": [
        "Fx",
        "Filter",
      ],
      "Class Flags": 0,
      "Cardinality": 2147483647,
      "Snapshots": [
      ],
    },
  ],
}
